標題,購買連結,價錢
Bulbasaur,https://scrapeme.live/shop/Bulbasaur/,£63.00
Ivysaur,https://scrapeme.live/shop/Ivysaur/,£87.00
Venusaur,https://scrapeme.live/shop/Venusaur/,£105.00
Charmander,https://scrapeme.live/shop/Charmander/,£48.00
Charmeleon,https://scrapeme.live/shop/Charmeleon/,£165.00
Charizard,https://scrapeme.live/shop/Charizard/,£156.00
Squirtle,https://scrapeme.live/shop/Squirtle/,£130.00
Wartortle,https://scrapeme.live/shop/Wartortle/,£123.00
Blastoise,https://scrapeme.live/shop/Blastoise/,£76.00
Caterpie,https://scrapeme.live/shop/Caterpie/,£73.00
Metapod,https://scrapeme.live/shop/Metapod/,£148.00
Butterfree,https://scrapeme.live/shop/Butterfree/,£162.00
Weedle,https://scrapeme.live/shop/Weedle/,£25.00
Kakuna,https://scrapeme.live/shop/Kakuna/,£148.00
Beedrill,https://scrapeme.live/shop/Beedrill/,£168.00
Pidgey,https://scrapeme.live/shop/Pidgey/,£159.00
Bulbasaur,https://scrapeme.live/shop/Bulbasaur/,£63.00
Ivysaur,https://scrapeme.live/shop/Ivysaur/,£87.00
Venusaur,https://scrapeme.live/shop/Venusaur/,£105.00
Charmander,https://scrapeme.live/shop/Charmander/,£48.00
Charmeleon,https://scrapeme.live/shop/Charmeleon/,£165.00
Charizard,https://scrapeme.live/shop/Charizard/,£156.00
Squirtle,https://scrapeme.live/shop/Squirtle/,£130.00
Wartortle,https://scrapeme.live/shop/Wartortle/,£123.00
Blastoise,https://scrapeme.live/shop/Blastoise/,£76.00
Caterpie,https://scrapeme.live/shop/Caterpie/,£73.00
Metapod,https://scrapeme.live/shop/Metapod/,£148.00
Butterfree,https://scrapeme.live/shop/Butterfree/,£162.00
Weedle,https://scrapeme.live/shop/Weedle/,£25.00
Kakuna,https://scrapeme.live/shop/Kakuna/,£148.00
Beedrill,https://scrapeme.live/shop/Beedrill/,£168.00
Pidgey,https://scrapeme.live/shop/Pidgey/,£159.00
Pidgeotto,https://scrapeme.live/shop/Pidgeotto/,£84.00
Pidgeot,https://scrapeme.live/shop/Pidgeot/,£185.00
Rattata,https://scrapeme.live/shop/Rattata/,£128.00
Raticate,https://scrapeme.live/shop/Raticate/,£60.00
Spearow,https://scrapeme.live/shop/Spearow/,£133.00
Fearow,https://scrapeme.live/shop/Fearow/,£95.00
Ekans,https://scrapeme.live/shop/Ekans/,£55.00
Arbok,https://scrapeme.live/shop/Arbok/,£182.00
Pikachu,https://scrapeme.live/shop/Pikachu/,£37.00
Raichu,https://scrapeme.live/shop/Raichu/,£140.00
Sandshrew,https://scrapeme.live/shop/Sandshrew/,£82.00
Sandslash,https://scrapeme.live/shop/Sandslash/,£155.00
Nidorina,https://scrapeme.live/shop/Nidorina/,£28.00
Nidoqueen,https://scrapeme.live/shop/Nidoqueen/,£106.00
Nidorino,https://scrapeme.live/shop/Nidorino/,£179.00
Nidoking,https://scrapeme.live/shop/Nidoking/,£31.00
Clefairy,https://scrapeme.live/shop/Clefairy/,£160.00
Clefable,https://scrapeme.live/shop/Clefable/,£188.00
Vulpix,https://scrapeme.live/shop/Vulpix/,£85.00
Ninetales,https://scrapeme.live/shop/Ninetales/,£52.00
Jigglypuff,https://scrapeme.live/shop/Jigglypuff/,£61.00
Wigglytuff,https://scrapeme.live/shop/Wigglytuff/,£130.00
Zubat,https://scrapeme.live/shop/Zubat/,£125.00
Golbat,https://scrapeme.live/shop/Golbat/,£136.00
Oddish,https://scrapeme.live/shop/Oddish/,£45.00
Gloom,https://scrapeme.live/shop/Gloom/,£178.00
Vileplume,https://scrapeme.live/shop/Vileplume/,£170.00
Paras,https://scrapeme.live/shop/Paras/,£168.00
Parasect,https://scrapeme.live/shop/Parasect/,£27.00
Venonat,https://scrapeme.live/shop/Venonat/,£158.00
Venomoth,https://scrapeme.live/shop/Venomoth/,£53.00
Diglett,https://scrapeme.live/shop/Diglett/,£122.00
Dugtrio,https://scrapeme.live/shop/Dugtrio/,£111.00
Meowth,https://scrapeme.live/shop/Meowth/,£131.00
Persian,https://scrapeme.live/shop/Persian/,£200.00
Psyduck,https://scrapeme.live/shop/Psyduck/,£182.00
Golduck,https://scrapeme.live/shop/Golduck/,£31.00
Mankey,https://scrapeme.live/shop/Mankey/,£125.00
Primeape,https://scrapeme.live/shop/Primeape/,£86.00
Growlithe,https://scrapeme.live/shop/Growlithe/,£30.00
Arcanine,https://scrapeme.live/shop/Arcanine/,£69.00
Poliwag,https://scrapeme.live/shop/Poliwag/,£174.00
Poliwhirl,https://scrapeme.live/shop/Poliwhirl/,£121.00
Poliwrath,https://scrapeme.live/shop/Poliwrath/,£152.00
Abra,https://scrapeme.live/shop/Abra/,£141.00
Kadabra,https://scrapeme.live/shop/Kadabra/,£129.00
Alakazam,https://scrapeme.live/shop/Alakazam/,£40.00
Machop,https://scrapeme.live/shop/Machop/,£166.00
Machoke,https://scrapeme.live/shop/Machoke/,£27.00
Machamp,https://scrapeme.live/shop/Machamp/,£121.00
Bellsprout,https://scrapeme.live/shop/Bellsprout/,£74.00
Weepinbell,https://scrapeme.live/shop/Weepinbell/,£26.00
Victreebel,https://scrapeme.live/shop/Victreebel/,£68.00
Tentacool,https://scrapeme.live/shop/Tentacool/,£186.00
Tentacruel,https://scrapeme.live/shop/Tentacruel/,£65.00
Geodude,https://scrapeme.live/shop/Geodude/,£32.00
Graveler,https://scrapeme.live/shop/Graveler/,£182.00
Golem,https://scrapeme.live/shop/Golem/,£103.00
Ponyta,https://scrapeme.live/shop/Ponyta/,£53.00
Rapidash,https://scrapeme.live/shop/Rapidash/,£98.00
Slowpoke,https://scrapeme.live/shop/Slowpoke/,£109.00
Slowbro,https://scrapeme.live/shop/Slowbro/,£179.00
Magnemite,https://scrapeme.live/shop/Magnemite/,£100.00
Magneton,https://scrapeme.live/shop/Magneton/,£191.00
Farfetchd,https://scrapeme.live/shop/Farfetchd/,£185.00
Doduo,https://scrapeme.live/shop/Doduo/,£73.00
Dodrio,https://scrapeme.live/shop/Dodrio/,£138.00
Seel,https://scrapeme.live/shop/Seel/,£164.00
Dewgong,https://scrapeme.live/shop/Dewgong/,£70.00
Grimer,https://scrapeme.live/shop/Grimer/,£147.00
Muk,https://scrapeme.live/shop/Muk/,£187.00
Shellder,https://scrapeme.live/shop/Shellder/,£138.00
Cloyster,https://scrapeme.live/shop/Cloyster/,£199.00
Gastly,https://scrapeme.live/shop/Gastly/,£179.00
Haunter,https://scrapeme.live/shop/Haunter/,£42.00
Gengar,https://scrapeme.live/shop/Gengar/,£149.00
Onix,https://scrapeme.live/shop/Onix/,£37.00
Drowzee,https://scrapeme.live/shop/Drowzee/,£40.00
Hypno,https://scrapeme.live/shop/Hypno/,£198.00
Krabby,https://scrapeme.live/shop/Krabby/,£64.00
Kingler,https://scrapeme.live/shop/Kingler/,£72.00
Voltorb,https://scrapeme.live/shop/Voltorb/,£189.00
Electrode,https://scrapeme.live/shop/Electrode/,£100.00
Exeggcute,https://scrapeme.live/shop/Exeggcute/,£126.00
Exeggutor,https://scrapeme.live/shop/Exeggutor/,£68.00
Cubone,https://scrapeme.live/shop/Cubone/,£177.00
Marowak,https://scrapeme.live/shop/Marowak/,£36.00
Hitmonlee,https://scrapeme.live/shop/Hitmonlee/,£73.00
Hitmonchan,https://scrapeme.live/shop/Hitmonchan/,£91.00
Lickitung,https://scrapeme.live/shop/Lickitung/,£142.00
Koffing,https://scrapeme.live/shop/Koffing/,£38.00
Weezing,https://scrapeme.live/shop/Weezing/,£48.00
Rhyhorn,https://scrapeme.live/shop/Rhyhorn/,£124.00
Rhydon,https://scrapeme.live/shop/Rhydon/,£27.00
Chansey,https://scrapeme.live/shop/Chansey/,£176.00
Tangela,https://scrapeme.live/shop/Tangela/,£64.00
Kangaskhan,https://scrapeme.live/shop/Kangaskhan/,£164.00
Horsea,https://scrapeme.live/shop/Horsea/,£154.00
Seadra,https://scrapeme.live/shop/Seadra/,£51.00
Goldeen,https://scrapeme.live/shop/Goldeen/,£170.00
Seaking,https://scrapeme.live/shop/Seaking/,£129.00
Staryu,https://scrapeme.live/shop/Staryu/,£166.00
Starmie,https://scrapeme.live/shop/Starmie/,£176.00
Mr-mime,https://scrapeme.live/shop/Mr-mime/,£144.00
Scyther,https://scrapeme.live/shop/Scyther/,£85.00
Jynx,https://scrapeme.live/shop/Jynx/,£138.00
Electabuzz,https://scrapeme.live/shop/Electabuzz/,£125.00
Magmar,https://scrapeme.live/shop/Magmar/,£130.00
Pinsir,https://scrapeme.live/shop/Pinsir/,£141.00
Tauros,https://scrapeme.live/shop/Tauros/,£63.00
Magikarp,https://scrapeme.live/shop/Magikarp/,£43.00
Gyarados,https://scrapeme.live/shop/Gyarados/,£79.00
Lapras,https://scrapeme.live/shop/Lapras/,£172.00
Ditto,https://scrapeme.live/shop/Ditto/,£75.00
Eevee,https://scrapeme.live/shop/Eevee/,£112.00
Vaporeon,https://scrapeme.live/shop/Vaporeon/,£147.00
Jolteon,https://scrapeme.live/shop/Jolteon/,£158.00
Flareon,https://scrapeme.live/shop/Flareon/,£34.00
Porygon,https://scrapeme.live/shop/Porygon/,£178.00
Omanyte,https://scrapeme.live/shop/Omanyte/,£162.00
Omastar,https://scrapeme.live/shop/Omastar/,£61.00
Kabuto,https://scrapeme.live/shop/Kabuto/,£79.00
Kabutops,https://scrapeme.live/shop/Kabutops/,£57.00
Aerodactyl,https://scrapeme.live/shop/Aerodactyl/,£56.00
Snorlax,https://scrapeme.live/shop/Snorlax/,£134.00
Articuno,https://scrapeme.live/shop/Articuno/,£77.00
Zapdos,https://scrapeme.live/shop/Zapdos/,£133.00
Moltres,https://scrapeme.live/shop/Moltres/,£178.00
Dratini,https://scrapeme.live/shop/Dratini/,£94.00
Dragonair,https://scrapeme.live/shop/Dragonair/,£57.00
Dragonite,https://scrapeme.live/shop/Dragonite/,£69.00
Mewtwo,https://scrapeme.live/shop/Mewtwo/,£43.00
Mew,https://scrapeme.live/shop/Mew/,£136.00
Chikorita,https://scrapeme.live/shop/Chikorita/,£127.00
Bayleef,https://scrapeme.live/shop/Bayleef/,£44.00
Meganium,https://scrapeme.live/shop/Meganium/,£163.00
Cyndaquil,https://scrapeme.live/shop/Cyndaquil/,£154.00
Quilava,https://scrapeme.live/shop/Quilava/,£85.00
Typhlosion,https://scrapeme.live/shop/Typhlosion/,£191.00
Totodile,https://scrapeme.live/shop/Totodile/,£190.00
Croconaw,https://scrapeme.live/shop/Croconaw/,£175.00
Feraligatr,https://scrapeme.live/shop/Feraligatr/,£183.00
Sentret,https://scrapeme.live/shop/Sentret/,£48.00
Furret,https://scrapeme.live/shop/Furret/,£154.00
Hoothoot,https://scrapeme.live/shop/Hoothoot/,£48.00
Noctowl,https://scrapeme.live/shop/Noctowl/,£170.00
Ledyba,https://scrapeme.live/shop/Ledyba/,£98.00
Ledian,https://scrapeme.live/shop/Ledian/,£136.00
Spinarak,https://scrapeme.live/shop/Spinarak/,£199.00
Ariados,https://scrapeme.live/shop/Ariados/,£85.00
Crobat,https://scrapeme.live/shop/Crobat/,£195.00
Chinchou,https://scrapeme.live/shop/Chinchou/,£59.00
Lanturn,https://scrapeme.live/shop/Lanturn/,£131.00
Pichu,https://scrapeme.live/shop/Pichu/,£193.00
Cleffa,https://scrapeme.live/shop/Cleffa/,£107.00
Igglybuff,https://scrapeme.live/shop/Igglybuff/,£189.00
Togepi,https://scrapeme.live/shop/Togepi/,£47.00
Togetic,https://scrapeme.live/shop/Togetic/,£69.00
Natu,https://scrapeme.live/shop/Natu/,£99.00
Xatu,https://scrapeme.live/shop/Xatu/,£123.00
Mareep,https://scrapeme.live/shop/Mareep/,£79.00
Flaaffy,https://scrapeme.live/shop/Flaaffy/,£163.00
Ampharos,https://scrapeme.live/shop/Ampharos/,£41.00
Bellossom,https://scrapeme.live/shop/Bellossom/,£25.00
Marill,https://scrapeme.live/shop/Marill/,£127.00
Azumarill,https://scrapeme.live/shop/Azumarill/,£175.00
Sudowoodo,https://scrapeme.live/shop/Sudowoodo/,£54.00
Politoed,https://scrapeme.live/shop/Politoed/,£193.00
Hoppip,https://scrapeme.live/shop/Hoppip/,£107.00
Skiploom,https://scrapeme.live/shop/Skiploom/,£185.00
Jumpluff,https://scrapeme.live/shop/Jumpluff/,£107.00
Aipom,https://scrapeme.live/shop/Aipom/,£182.00
Sunkern,https://scrapeme.live/shop/Sunkern/,£150.00
Sunflora,https://scrapeme.live/shop/Sunflora/,£33.00
Yanma,https://scrapeme.live/shop/Yanma/,£130.00
Wooper,https://scrapeme.live/shop/Wooper/,£98.00
Quagsire,https://scrapeme.live/shop/Quagsire/,£37.00
Espeon,https://scrapeme.live/shop/Espeon/,£177.00
Umbreon,https://scrapeme.live/shop/Umbreon/,£78.00
Murkrow,https://scrapeme.live/shop/Murkrow/,£178.00
Slowking,https://scrapeme.live/shop/Slowking/,£174.00
Misdreavus,https://scrapeme.live/shop/Misdreavus/,£33.00
Unown,https://scrapeme.live/shop/Unown/,£198.00
Wobbuffet,https://scrapeme.live/shop/Wobbuffet/,£107.00
Girafarig,https://scrapeme.live/shop/Girafarig/,£99.00
Gligar,https://scrapeme.live/shop/Gligar/,£112.00
Steelix,https://scrapeme.live/shop/Steelix/,£116.00
Snubbull,https://scrapeme.live/shop/Snubbull/,£63.00
Granbull,https://scrapeme.live/shop/Granbull/,£59.00
Qwilfish,https://scrapeme.live/shop/Qwilfish/,£77.00
Scizor,https://scrapeme.live/shop/Scizor/,£172.00
Shuckle,https://scrapeme.live/shop/Shuckle/,£194.00
Heracross,https://scrapeme.live/shop/Heracross/,£143.00
Sneasel,https://scrapeme.live/shop/Sneasel/,£108.00
Teddiursa,https://scrapeme.live/shop/Teddiursa/,£173.00
Ursaring,https://scrapeme.live/shop/Ursaring/,£31.00
Magcargo,https://scrapeme.live/shop/Magcargo/,£36.00
Swinub,https://scrapeme.live/shop/Swinub/,£132.00
Piloswine,https://scrapeme.live/shop/Piloswine/,£84.00
Corsola,https://scrapeme.live/shop/Corsola/,£27.00
Remoraid,https://scrapeme.live/shop/Remoraid/,£122.00
Octillery,https://scrapeme.live/shop/Octillery/,£94.00
Delibird,https://scrapeme.live/shop/Delibird/,£121.00
Mantine,https://scrapeme.live/shop/Mantine/,£114.00
Skarmory,https://scrapeme.live/shop/Skarmory/,£199.00
Houndour,https://scrapeme.live/shop/Houndour/,£144.00
Houndoom,https://scrapeme.live/shop/Houndoom/,£78.00
Kingdra,https://scrapeme.live/shop/Kingdra/,£124.00
Phanpy,https://scrapeme.live/shop/Phanpy/,£129.00
Donphan,https://scrapeme.live/shop/Donphan/,£89.00
Porygon2,https://scrapeme.live/shop/Porygon2/,£151.00
Stantler,https://scrapeme.live/shop/Stantler/,£33.00
Smeargle,https://scrapeme.live/shop/Smeargle/,£151.00
Tyrogue,https://scrapeme.live/shop/Tyrogue/,£145.00
Hitmontop,https://scrapeme.live/shop/Hitmontop/,£149.00
Smoochum,https://scrapeme.live/shop/Smoochum/,£166.00
Elekid,https://scrapeme.live/shop/Elekid/,£104.00
Magby,https://scrapeme.live/shop/Magby/,£40.00
Miltank,https://scrapeme.live/shop/Miltank/,£26.00
Blissey,https://scrapeme.live/shop/Blissey/,£31.00
Raikou,https://scrapeme.live/shop/Raikou/,£66.00
Entei,https://scrapeme.live/shop/Entei/,£27.00
Suicune,https://scrapeme.live/shop/Suicune/,£68.00
Larvitar,https://scrapeme.live/shop/Larvitar/,£26.00
Pupitar,https://scrapeme.live/shop/Pupitar/,£114.00
Tyranitar,https://scrapeme.live/shop/Tyranitar/,£190.00
Lugia,https://scrapeme.live/shop/Lugia/,£86.00
Ho-oh,https://scrapeme.live/shop/Ho-oh/,£91.00
Celebi,https://scrapeme.live/shop/Celebi/,£111.00
Treecko,https://scrapeme.live/shop/Treecko/,£96.00
Grovyle,https://scrapeme.live/shop/Grovyle/,£190.00
Sceptile,https://scrapeme.live/shop/Sceptile/,£37.00
Torchic,https://scrapeme.live/shop/Torchic/,£28.00
Combusken,https://scrapeme.live/shop/Combusken/,£68.00
Blaziken,https://scrapeme.live/shop/Blaziken/,£40.00
Mudkip,https://scrapeme.live/shop/Mudkip/,£140.00
Marshtomp,https://scrapeme.live/shop/Marshtomp/,£152.00
Swampert,https://scrapeme.live/shop/Swampert/,£144.00
Poochyena,https://scrapeme.live/shop/Poochyena/,£130.00
Mightyena,https://scrapeme.live/shop/Mightyena/,£175.00
Zigzagoon,https://scrapeme.live/shop/Zigzagoon/,£83.00
Linoone,https://scrapeme.live/shop/Linoone/,£81.00
Wurmple,https://scrapeme.live/shop/Wurmple/,£195.00
Silcoon,https://scrapeme.live/shop/Silcoon/,£80.00
Beautifly,https://scrapeme.live/shop/Beautifly/,£145.00
Cascoon,https://scrapeme.live/shop/Cascoon/,£166.00
Dustox,https://scrapeme.live/shop/Dustox/,£91.00
Lotad,https://scrapeme.live/shop/Lotad/,£161.00
Lombre,https://scrapeme.live/shop/Lombre/,£79.00
Ludicolo,https://scrapeme.live/shop/Ludicolo/,£189.00
Seedot,https://scrapeme.live/shop/Seedot/,£26.00
Nuzleaf,https://scrapeme.live/shop/Nuzleaf/,£26.00
Shiftry,https://scrapeme.live/shop/Shiftry/,£157.00
Taillow,https://scrapeme.live/shop/Taillow/,£85.00
Swellow,https://scrapeme.live/shop/Swellow/,£88.00
Wingull,https://scrapeme.live/shop/Wingull/,£153.00
Pelipper,https://scrapeme.live/shop/Pelipper/,£158.00
Ralts,https://scrapeme.live/shop/Ralts/,£151.00
Kirlia,https://scrapeme.live/shop/Kirlia/,£186.00
Gardevoir,https://scrapeme.live/shop/Gardevoir/,£34.00
Surskit,https://scrapeme.live/shop/Surskit/,£112.00
Masquerain,https://scrapeme.live/shop/Masquerain/,£39.00
Shroomish,https://scrapeme.live/shop/Shroomish/,£31.00
Breloom,https://scrapeme.live/shop/Breloom/,£113.00
Slakoth,https://scrapeme.live/shop/Slakoth/,£69.00
Vigoroth,https://scrapeme.live/shop/Vigoroth/,£25.00
Slaking,https://scrapeme.live/shop/Slaking/,£119.00
Nincada,https://scrapeme.live/shop/Nincada/,£38.00
Ninjask,https://scrapeme.live/shop/Ninjask/,£161.00
Shedinja,https://scrapeme.live/shop/Shedinja/,£128.00
Whismur,https://scrapeme.live/shop/Whismur/,£137.00
Loudred,https://scrapeme.live/shop/Loudred/,£145.00
Exploud,https://scrapeme.live/shop/Exploud/,£161.00
Makuhita,https://scrapeme.live/shop/Makuhita/,£30.00
Hariyama,https://scrapeme.live/shop/Hariyama/,£176.00
Azurill,https://scrapeme.live/shop/Azurill/,£70.00
Nosepass,https://scrapeme.live/shop/Nosepass/,£41.00
Skitty,https://scrapeme.live/shop/Skitty/,£156.00
Delcatty,https://scrapeme.live/shop/Delcatty/,£170.00
Sableye,https://scrapeme.live/shop/Sableye/,£81.00
Mawile,https://scrapeme.live/shop/Mawile/,£119.00
Aron,https://scrapeme.live/shop/Aron/,£149.00
Lairon,https://scrapeme.live/shop/Lairon/,£70.00
Aggron,https://scrapeme.live/shop/Aggron/,£140.00
Meditite,https://scrapeme.live/shop/Meditite/,£97.00
Medicham,https://scrapeme.live/shop/Medicham/,£77.00
Electrike,https://scrapeme.live/shop/Electrike/,£145.00
Manectric,https://scrapeme.live/shop/Manectric/,£76.00
Plusle,https://scrapeme.live/shop/Plusle/,£56.00
Minun,https://scrapeme.live/shop/Minun/,£193.00
Volbeat,https://scrapeme.live/shop/Volbeat/,£123.00
Illumise,https://scrapeme.live/shop/Illumise/,£167.00
Roselia,https://scrapeme.live/shop/Roselia/,£90.00
Gulpin,https://scrapeme.live/shop/Gulpin/,£136.00
Swalot,https://scrapeme.live/shop/Swalot/,£130.00
Carvanha,https://scrapeme.live/shop/Carvanha/,£25.00
Sharpedo,https://scrapeme.live/shop/Sharpedo/,£129.00
Wailmer,https://scrapeme.live/shop/Wailmer/,£90.00
Wailord,https://scrapeme.live/shop/Wailord/,£150.00
Numel,https://scrapeme.live/shop/Numel/,£170.00
Camerupt,https://scrapeme.live/shop/Camerupt/,£124.00
Torkoal,https://scrapeme.live/shop/Torkoal/,£98.00
Spoink,https://scrapeme.live/shop/Spoink/,£163.00
Grumpig,https://scrapeme.live/shop/Grumpig/,£182.00
Spinda,https://scrapeme.live/shop/Spinda/,£149.00
Trapinch,https://scrapeme.live/shop/Trapinch/,£116.00
Vibrava,https://scrapeme.live/shop/Vibrava/,£200.00
Flygon,https://scrapeme.live/shop/Flygon/,£174.00
Cacnea,https://scrapeme.live/shop/Cacnea/,£105.00
Cacturne,https://scrapeme.live/shop/Cacturne/,£31.00
Swablu,https://scrapeme.live/shop/Swablu/,£121.00
Altaria,https://scrapeme.live/shop/Altaria/,£104.00
Seviper,https://scrapeme.live/shop/Seviper/,£107.00
Lunatone,https://scrapeme.live/shop/Lunatone/,£177.00
Solrock,https://scrapeme.live/shop/Solrock/,£57.00
Whiscash,https://scrapeme.live/shop/Whiscash/,£179.00
Corphish,https://scrapeme.live/shop/Corphish/,£178.00
Crawdaunt,https://scrapeme.live/shop/Crawdaunt/,£173.00
Baltoy,https://scrapeme.live/shop/Baltoy/,£167.00
Claydol,https://scrapeme.live/shop/Claydol/,£197.00
Lileep,https://scrapeme.live/shop/Lileep/,£87.00
Cradily,https://scrapeme.live/shop/Cradily/,£154.00
Anorith,https://scrapeme.live/shop/Anorith/,£64.00
Armaldo,https://scrapeme.live/shop/Armaldo/,£42.00
Feebas,https://scrapeme.live/shop/Feebas/,£194.00
Milotic,https://scrapeme.live/shop/Milotic/,£152.00
Castform,https://scrapeme.live/shop/Castform/,£119.00
Kecleon,https://scrapeme.live/shop/Kecleon/,£100.00
Shuppet,https://scrapeme.live/shop/Shuppet/,£174.00
Banette,https://scrapeme.live/shop/Banette/,£104.00
Duskull,https://scrapeme.live/shop/Duskull/,£139.00
Dusclops,https://scrapeme.live/shop/Dusclops/,£39.00
Tropius,https://scrapeme.live/shop/Tropius/,£196.00
Chimecho,https://scrapeme.live/shop/Chimecho/,£51.00
Absol,https://scrapeme.live/shop/Absol/,£134.00
Wynaut,https://scrapeme.live/shop/Wynaut/,£168.00
Snorunt,https://scrapeme.live/shop/Snorunt/,£82.00
Glalie,https://scrapeme.live/shop/Glalie/,£178.00
Spheal,https://scrapeme.live/shop/Spheal/,£193.00
Sealeo,https://scrapeme.live/shop/Sealeo/,£160.00
Walrein,https://scrapeme.live/shop/Walrein/,£27.00
Clamperl,https://scrapeme.live/shop/Clamperl/,£48.00
Huntail,https://scrapeme.live/shop/Huntail/,£52.00
Gorebyss,https://scrapeme.live/shop/Gorebyss/,£150.00
Relicanth,https://scrapeme.live/shop/Relicanth/,£157.00
Luvdisc,https://scrapeme.live/shop/Luvdisc/,£44.00
Bagon,https://scrapeme.live/shop/Bagon/,£34.00
Shelgon,https://scrapeme.live/shop/Shelgon/,£56.00
Salamence,https://scrapeme.live/shop/Salamence/,£62.00
Beldum,https://scrapeme.live/shop/Beldum/,£122.00
Metang,https://scrapeme.live/shop/Metang/,£78.00
Metagross,https://scrapeme.live/shop/Metagross/,£170.00
Regirock,https://scrapeme.live/shop/Regirock/,£66.00
Regice,https://scrapeme.live/shop/Regice/,£165.00
Registeel,https://scrapeme.live/shop/Registeel/,£196.00
Latias,https://scrapeme.live/shop/Latias/,£126.00
Latios,https://scrapeme.live/shop/Latios/,£166.00
Kyogre,https://scrapeme.live/shop/Kyogre/,£27.00
Groudon,https://scrapeme.live/shop/Groudon/,£124.00
Rayquaza,https://scrapeme.live/shop/Rayquaza/,£97.00
Jirachi,https://scrapeme.live/shop/Jirachi/,£111.00
Turtwig,https://scrapeme.live/shop/Turtwig/,£101.00
Grotle,https://scrapeme.live/shop/Grotle/,£154.00
Torterra,https://scrapeme.live/shop/Torterra/,£87.00
Chimchar,https://scrapeme.live/shop/Chimchar/,£143.00
Monferno,https://scrapeme.live/shop/Monferno/,£68.00
Infernape,https://scrapeme.live/shop/Infernape/,£165.00
Prinplup,https://scrapeme.live/shop/Prinplup/,£177.00
Empoleon,https://scrapeme.live/shop/Empoleon/,£42.00
Starly,https://scrapeme.live/shop/Starly/,£59.00
Staravia,https://scrapeme.live/shop/Staravia/,£158.00
Staraptor,https://scrapeme.live/shop/Staraptor/,£42.00
Bidoof,https://scrapeme.live/shop/Bidoof/,£128.00
Bibarel,https://scrapeme.live/shop/Bibarel/,£114.00
Kricketot,https://scrapeme.live/shop/Kricketot/,£94.00
Kricketune,https://scrapeme.live/shop/Kricketune/,£53.00
Shinx,https://scrapeme.live/shop/Shinx/,£149.00
Luxio,https://scrapeme.live/shop/Luxio/,£168.00
Luxray,https://scrapeme.live/shop/Luxray/,£43.00
Budew,https://scrapeme.live/shop/Budew/,£171.00
Roserade,https://scrapeme.live/shop/Roserade/,£155.00
Cranidos,https://scrapeme.live/shop/Cranidos/,£47.00
Rampardos,https://scrapeme.live/shop/Rampardos/,£196.00
Shieldon,https://scrapeme.live/shop/Shieldon/,£42.00
Bastiodon,https://scrapeme.live/shop/Bastiodon/,£191.00
Burmy,https://scrapeme.live/shop/Burmy/,£91.00
Mothim,https://scrapeme.live/shop/Mothim/,£177.00
Combee,https://scrapeme.live/shop/Combee/,£111.00
Vespiquen,https://scrapeme.live/shop/Vespiquen/,£104.00
Pachirisu,https://scrapeme.live/shop/Pachirisu/,£151.00
Buizel,https://scrapeme.live/shop/Buizel/,£55.00
Floatzel,https://scrapeme.live/shop/Floatzel/,£40.00
Cherubi,https://scrapeme.live/shop/Cherubi/,£101.00
Cherrim,https://scrapeme.live/shop/Cherrim/,£161.00
Shellos,https://scrapeme.live/shop/Shellos/,£163.00
Gastrodon,https://scrapeme.live/shop/Gastrodon/,£148.00
Ambipom,https://scrapeme.live/shop/Ambipom/,£36.00
Drifloon,https://scrapeme.live/shop/Drifloon/,£70.00
Drifblim,https://scrapeme.live/shop/Drifblim/,£36.00
Buneary,https://scrapeme.live/shop/Buneary/,£180.00
Lopunny,https://scrapeme.live/shop/Lopunny/,£123.00
Mismagius,https://scrapeme.live/shop/Mismagius/,£38.00
Honchkrow,https://scrapeme.live/shop/Honchkrow/,£47.00
Glameow,https://scrapeme.live/shop/Glameow/,£39.00
Purugly,https://scrapeme.live/shop/Purugly/,£128.00
Stunky,https://scrapeme.live/shop/Stunky/,£106.00
Skuntank,https://scrapeme.live/shop/Skuntank/,£112.00
Bronzong,https://scrapeme.live/shop/Bronzong/,£110.00
Bonsly,https://scrapeme.live/shop/Bonsly/,£106.00
Mime-jr,https://scrapeme.live/shop/Mime-jr/,£170.00
Happiny,https://scrapeme.live/shop/Happiny/,£67.00
Chatot,https://scrapeme.live/shop/Chatot/,£78.00
Spiritomb,https://scrapeme.live/shop/Spiritomb/,£165.00
Gible,https://scrapeme.live/shop/Gible/,£194.00
Gabite,https://scrapeme.live/shop/Gabite/,£154.00
Garchomp,https://scrapeme.live/shop/Garchomp/,£62.00
Munchlax,https://scrapeme.live/shop/Munchlax/,£190.00
Riolu,https://scrapeme.live/shop/Riolu/,£70.00
Lucario,https://scrapeme.live/shop/Lucario/,£102.00
Hippopotas,https://scrapeme.live/shop/Hippopotas/,£189.00
Hippowdon,https://scrapeme.live/shop/Hippowdon/,£140.00
Skorupi,https://scrapeme.live/shop/Skorupi/,£51.00
Drapion,https://scrapeme.live/shop/Drapion/,£72.00
Croagunk,https://scrapeme.live/shop/Croagunk/,£145.00
Toxicroak,https://scrapeme.live/shop/Toxicroak/,£145.00
Carnivine,https://scrapeme.live/shop/Carnivine/,£60.00
Finneon,https://scrapeme.live/shop/Finneon/,£172.00
Lumineon,https://scrapeme.live/shop/Lumineon/,£72.00
Mantyke,https://scrapeme.live/shop/Mantyke/,£121.00
Snover,https://scrapeme.live/shop/Snover/,£104.00
Abomasnow,https://scrapeme.live/shop/Abomasnow/,£46.00
Magnezone,https://scrapeme.live/shop/Magnezone/,£190.00
Lickilicky,https://scrapeme.live/shop/Lickilicky/,£101.00
Rhyperior,https://scrapeme.live/shop/Rhyperior/,£79.00
Tangrowth,https://scrapeme.live/shop/Tangrowth/,£108.00
Electivire,https://scrapeme.live/shop/Electivire/,£61.00
Magmortar,https://scrapeme.live/shop/Magmortar/,£200.00
Togekiss,https://scrapeme.live/shop/Togekiss/,£158.00
Yanmega,https://scrapeme.live/shop/Yanmega/,£121.00
Leafeon,https://scrapeme.live/shop/Leafeon/,£93.00
Glaceon,https://scrapeme.live/shop/Glaceon/,£142.00
Gliscor,https://scrapeme.live/shop/Gliscor/,£28.00
Mamoswine,https://scrapeme.live/shop/Mamoswine/,£104.00
Gallade,https://scrapeme.live/shop/Gallade/,£149.00
Probopass,https://scrapeme.live/shop/Probopass/,£181.00
Dusknoir,https://scrapeme.live/shop/Dusknoir/,£158.00
Froslass,https://scrapeme.live/shop/Froslass/,£86.00
Rotom,https://scrapeme.live/shop/Rotom/,£42.00
Uxie,https://scrapeme.live/shop/Uxie/,£200.00
Mesprit,https://scrapeme.live/shop/Mesprit/,£25.00
Azelf,https://scrapeme.live/shop/Azelf/,£32.00
Dialga,https://scrapeme.live/shop/Dialga/,£179.00
Palkia,https://scrapeme.live/shop/Palkia/,£151.00
Heatran,https://scrapeme.live/shop/Heatran/,£142.00
Regigigas,https://scrapeme.live/shop/Regigigas/,£77.00
Cresselia,https://scrapeme.live/shop/Cresselia/,£34.00
Phione,https://scrapeme.live/shop/Phione/,£155.00
Manaphy,https://scrapeme.live/shop/Manaphy/,£74.00
Darkrai,https://scrapeme.live/shop/Darkrai/,£59.00
Arceus,https://scrapeme.live/shop/Arceus/,£53.00
Victini,https://scrapeme.live/shop/Victini/,£109.00
Snivy,https://scrapeme.live/shop/Snivy/,£102.00
Servine,https://scrapeme.live/shop/Servine/,£154.00
Serperior,https://scrapeme.live/shop/Serperior/,£88.00
Tepig,https://scrapeme.live/shop/Tepig/,£195.00
Pignite,https://scrapeme.live/shop/Pignite/,£149.00
Emboar,https://scrapeme.live/shop/Emboar/,£32.00
Oshawott,https://scrapeme.live/shop/Oshawott/,£194.00
Dewott,https://scrapeme.live/shop/Dewott/,£57.00
Samurott,https://scrapeme.live/shop/Samurott/,£106.00
Patrat,https://scrapeme.live/shop/Patrat/,£116.00
Watchog,https://scrapeme.live/shop/Watchog/,£141.00
Lillipup,https://scrapeme.live/shop/Lillipup/,£28.00
Herdier,https://scrapeme.live/shop/Herdier/,£164.00
Stoutland,https://scrapeme.live/shop/Stoutland/,£37.00
Purrloin,https://scrapeme.live/shop/Purrloin/,£167.00
Liepard,https://scrapeme.live/shop/Liepard/,£104.00
Pansage,https://scrapeme.live/shop/Pansage/,£197.00
Simisage,https://scrapeme.live/shop/Simisage/,£98.00
Pansear,https://scrapeme.live/shop/Pansear/,£194.00
Simisear,https://scrapeme.live/shop/Simisear/,£38.00
Panpour,https://scrapeme.live/shop/Panpour/,£52.00
Simipour,https://scrapeme.live/shop/Simipour/,£61.00
Munna,https://scrapeme.live/shop/Munna/,£172.00
Musharna,https://scrapeme.live/shop/Musharna/,£58.00
Pidove,https://scrapeme.live/shop/Pidove/,£172.00
Tranquill,https://scrapeme.live/shop/Tranquill/,£199.00
Unfezant,https://scrapeme.live/shop/Unfezant/,£135.00
Zebstrika,https://scrapeme.live/shop/Zebstrika/,£138.00
Roggenrola,https://scrapeme.live/shop/Roggenrola/,£41.00
Boldore,https://scrapeme.live/shop/Boldore/,£76.00
Gigalith,https://scrapeme.live/shop/Gigalith/,£67.00
Woobat,https://scrapeme.live/shop/Woobat/,£27.00
Swoobat,https://scrapeme.live/shop/Swoobat/,£49.00
Drilbur,https://scrapeme.live/shop/Drilbur/,£132.00
Excadrill,https://scrapeme.live/shop/Excadrill/,£36.00
Audino,https://scrapeme.live/shop/Audino/,£95.00
Timburr,https://scrapeme.live/shop/Timburr/,£194.00
Gurdurr,https://scrapeme.live/shop/Gurdurr/,£179.00
Conkeldurr,https://scrapeme.live/shop/Conkeldurr/,£72.00
Palpitoad,https://scrapeme.live/shop/Palpitoad/,£117.00
Seismitoad,https://scrapeme.live/shop/Seismitoad/,£90.00
Throh,https://scrapeme.live/shop/Throh/,£43.00
Sawk,https://scrapeme.live/shop/Sawk/,£129.00
Sewaddle,https://scrapeme.live/shop/Sewaddle/,£40.00
Swadloon,https://scrapeme.live/shop/Swadloon/,£107.00
Leavanny,https://scrapeme.live/shop/Leavanny/,£130.00
Venipede,https://scrapeme.live/shop/Venipede/,£87.00
Whirlipede,https://scrapeme.live/shop/Whirlipede/,£84.00
Scolipede,https://scrapeme.live/shop/Scolipede/,£153.00
Cottonee,https://scrapeme.live/shop/Cottonee/,£77.00
Whimsicott,https://scrapeme.live/shop/Whimsicott/,£26.00
Petilil,https://scrapeme.live/shop/Petilil/,£118.00
Lilligant,https://scrapeme.live/shop/Lilligant/,£137.00
Sandile,https://scrapeme.live/shop/Sandile/,£136.00
Krokorok,https://scrapeme.live/shop/Krokorok/,£135.00
Krookodile,https://scrapeme.live/shop/Krookodile/,£185.00
Darumaka,https://scrapeme.live/shop/Darumaka/,£106.00
Maractus,https://scrapeme.live/shop/Maractus/,£31.00
Dwebble,https://scrapeme.live/shop/Dwebble/,£75.00
Crustle,https://scrapeme.live/shop/Crustle/,£105.00
Scraggy,https://scrapeme.live/shop/Scraggy/,£112.00
Scrafty,https://scrapeme.live/shop/Scrafty/,£137.00
Sigilyph,https://scrapeme.live/shop/Sigilyph/,£68.00
Yamask,https://scrapeme.live/shop/Yamask/,£171.00
Cofagrigus,https://scrapeme.live/shop/Cofagrigus/,£160.00
Tirtouga,https://scrapeme.live/shop/Tirtouga/,£60.00
Carracosta,https://scrapeme.live/shop/Carracosta/,£158.00
Archen,https://scrapeme.live/shop/Archen/,£140.00
Archeops,https://scrapeme.live/shop/Archeops/,£126.00
Trubbish,https://scrapeme.live/shop/Trubbish/,£169.00
Garbodor,https://scrapeme.live/shop/Garbodor/,£178.00
Zorua,https://scrapeme.live/shop/Zorua/,£81.00
Minccino,https://scrapeme.live/shop/Minccino/,£79.00
Cinccino,https://scrapeme.live/shop/Cinccino/,£154.00
Gothita,https://scrapeme.live/shop/Gothita/,£68.00
Gothorita,https://scrapeme.live/shop/Gothorita/,£189.00
Gothitelle,https://scrapeme.live/shop/Gothitelle/,£164.00
Solosis,https://scrapeme.live/shop/Solosis/,£134.00
Duosion,https://scrapeme.live/shop/Duosion/,£71.00
Reuniclus,https://scrapeme.live/shop/Reuniclus/,£168.00
Ducklett,https://scrapeme.live/shop/Ducklett/,£159.00
Swanna,https://scrapeme.live/shop/Swanna/,£36.00
Vanillite,https://scrapeme.live/shop/Vanillite/,£108.00
Vanillish,https://scrapeme.live/shop/Vanillish/,£93.00
Vanilluxe,https://scrapeme.live/shop/Vanilluxe/,£89.00
Deerling,https://scrapeme.live/shop/Deerling/,£141.00
Sawsbuck,https://scrapeme.live/shop/Sawsbuck/,£76.00
Karrablast,https://scrapeme.live/shop/Karrablast/,£41.00
Escavalier,https://scrapeme.live/shop/Escavalier/,£189.00
Foongus,https://scrapeme.live/shop/Foongus/,£129.00
Frillish,https://scrapeme.live/shop/Frillish/,£63.00
Jellicent,https://scrapeme.live/shop/Jellicent/,£114.00
Alomomola,https://scrapeme.live/shop/Alomomola/,£35.00
Joltik,https://scrapeme.live/shop/Joltik/,£59.00
Galvantula,https://scrapeme.live/shop/Galvantula/,£57.00
Ferroseed,https://scrapeme.live/shop/Ferroseed/,£81.00
Ferrothorn,https://scrapeme.live/shop/Ferrothorn/,£182.00
Klink,https://scrapeme.live/shop/Klink/,£75.00
Klang,https://scrapeme.live/shop/Klang/,£162.00
Klinklang,https://scrapeme.live/shop/Klinklang/,£178.00
Tynamo,https://scrapeme.live/shop/Tynamo/,£82.00
Eelektrik,https://scrapeme.live/shop/Eelektrik/,£198.00
Eelektross,https://scrapeme.live/shop/Eelektross/,£123.00
Elgyem,https://scrapeme.live/shop/Elgyem/,£107.00
Beheeyem,https://scrapeme.live/shop/Beheeyem/,£34.00
Litwick,https://scrapeme.live/shop/Litwick/,£37.00
Lampent,https://scrapeme.live/shop/Lampent/,£157.00
Axew,https://scrapeme.live/shop/Axew/,£123.00
Fraxure,https://scrapeme.live/shop/Fraxure/,£64.00
Haxorus,https://scrapeme.live/shop/Haxorus/,£135.00
Cubchoo,https://scrapeme.live/shop/Cubchoo/,£62.00
Beartic,https://scrapeme.live/shop/Beartic/,£28.00
Cryogonal,https://scrapeme.live/shop/Cryogonal/,£72.00
Shelmet,https://scrapeme.live/shop/Shelmet/,£190.00
Accelgor,https://scrapeme.live/shop/Accelgor/,£129.00
Stunfisk,https://scrapeme.live/shop/Stunfisk/,£67.00
Mienfoo,https://scrapeme.live/shop/Mienfoo/,£197.00
Mienshao,https://scrapeme.live/shop/Mienshao/,£50.00
Druddigon,https://scrapeme.live/shop/Druddigon/,£110.00
Golett,https://scrapeme.live/shop/Golett/,£89.00
Golurk,https://scrapeme.live/shop/Golurk/,£74.00
Pawniard,https://scrapeme.live/shop/Pawniard/,£37.00
Bisharp,https://scrapeme.live/shop/Bisharp/,£129.00
Bouffalant,https://scrapeme.live/shop/Bouffalant/,£59.00
Rufflet,https://scrapeme.live/shop/Rufflet/,£60.00
Braviary,https://scrapeme.live/shop/Braviary/,£83.00
Vullaby,https://scrapeme.live/shop/Vullaby/,£61.00
Mandibuzz,https://scrapeme.live/shop/Mandibuzz/,£89.00
Heatmor,https://scrapeme.live/shop/Heatmor/,£81.00
Durant,https://scrapeme.live/shop/Durant/,£28.00
Deino,https://scrapeme.live/shop/Deino/,£63.00
Zweilous,https://scrapeme.live/shop/Zweilous/,£199.00
Hydreigon,https://scrapeme.live/shop/Hydreigon/,£86.00
Volcarona,https://scrapeme.live/shop/Volcarona/,£94.00
Cobalion,https://scrapeme.live/shop/Cobalion/,£111.00
Terrakion,https://scrapeme.live/shop/Terrakion/,£87.00
Virizion,https://scrapeme.live/shop/Virizion/,£156.00
Reshiram,https://scrapeme.live/shop/Reshiram/,£147.00
Zekrom,https://scrapeme.live/shop/Zekrom/,£135.00
Genesect,https://scrapeme.live/shop/Genesect/,£173.00
Chespin,https://scrapeme.live/shop/Chespin/,£185.00
Quilladin,https://scrapeme.live/shop/Quilladin/,£161.00
Chesnaught,https://scrapeme.live/shop/Chesnaught/,£96.00
Fennekin,https://scrapeme.live/shop/Fennekin/,£123.00
Braixen,https://scrapeme.live/shop/Braixen/,£59.00
Delphox,https://scrapeme.live/shop/Delphox/,£170.00
Froakie,https://scrapeme.live/shop/Froakie/,£38.00
Frogadier,https://scrapeme.live/shop/Frogadier/,£125.00
Greninja,https://scrapeme.live/shop/Greninja/,£42.00
Bunnelby,https://scrapeme.live/shop/Bunnelby/,£66.00
Fletchling,https://scrapeme.live/shop/Fletchling/,£43.00
Fletchinder,https://scrapeme.live/shop/Fletchinder/,£147.00
Talonflame,https://scrapeme.live/shop/Talonflame/,£84.00
Scatterbug,https://scrapeme.live/shop/Scatterbug/,£40.00
Spewpa,https://scrapeme.live/shop/Spewpa/,£155.00
Vivillon,https://scrapeme.live/shop/Vivillon/,£177.00
Litleo,https://scrapeme.live/shop/Litleo/,£34.00
Pyroar,https://scrapeme.live/shop/Pyroar/,£127.00
Flabebe,https://scrapeme.live/shop/Flabebe/,£79.00
Floette,https://scrapeme.live/shop/Floette/,£149.00
Florges,https://scrapeme.live/shop/Florges/,£93.00
Skiddo,https://scrapeme.live/shop/Skiddo/,£129.00
Gogoat,https://scrapeme.live/shop/Gogoat/,£97.00
Pangoro,https://scrapeme.live/shop/Pangoro/,£76.00
Furfrou,https://scrapeme.live/shop/Furfrou/,£165.00
Espurr,https://scrapeme.live/shop/Espurr/,£149.00
Honedge,https://scrapeme.live/shop/Honedge/,£101.00
Doublade,https://scrapeme.live/shop/Doublade/,£164.00
Spritzee,https://scrapeme.live/shop/Spritzee/,£58.00
Aromatisse,https://scrapeme.live/shop/Aromatisse/,£194.00
Swirlix,https://scrapeme.live/shop/Swirlix/,£90.00
Slurpuff,https://scrapeme.live/shop/Slurpuff/,£66.00
Inkay,https://scrapeme.live/shop/Inkay/,£38.00
Malamar,https://scrapeme.live/shop/Malamar/,£58.00
Binacle,https://scrapeme.live/shop/Binacle/,£102.00
Barbaracle,https://scrapeme.live/shop/Barbaracle/,£165.00
Skrelp,https://scrapeme.live/shop/Skrelp/,£63.00
Dragalge,https://scrapeme.live/shop/Dragalge/,£151.00
Clauncher,https://scrapeme.live/shop/Clauncher/,£29.00
Clawitzer,https://scrapeme.live/shop/Clawitzer/,£69.00
Helioptile,https://scrapeme.live/shop/Helioptile/,£62.00
Heliolisk,https://scrapeme.live/shop/Heliolisk/,£83.00
Tyrunt,https://scrapeme.live/shop/Tyrunt/,£62.00
Tyrantrum,https://scrapeme.live/shop/Tyrantrum/,£26.00
Amaura,https://scrapeme.live/shop/Amaura/,£155.00
Aurorus,https://scrapeme.live/shop/Aurorus/,£189.00
Sylveon,https://scrapeme.live/shop/Sylveon/,£48.00
Hawlucha,https://scrapeme.live/shop/Hawlucha/,£44.00
Dedenne,https://scrapeme.live/shop/Dedenne/,£118.00
Carbink,https://scrapeme.live/shop/Carbink/,£171.00
Goomy,https://scrapeme.live/shop/Goomy/,£110.00
Sliggoo,https://scrapeme.live/shop/Sliggoo/,£109.00
Goodra,https://scrapeme.live/shop/Goodra/,£192.00
Klefki,https://scrapeme.live/shop/Klefki/,£179.00
Trevenant,https://scrapeme.live/shop/Trevenant/,£53.00
Bergmite,https://scrapeme.live/shop/Bergmite/,£119.00
Avalugg,https://scrapeme.live/shop/Avalugg/,£71.00
Noibat,https://scrapeme.live/shop/Noibat/,£126.00
Noivern,https://scrapeme.live/shop/Noivern/,£75.00
Xerneas,https://scrapeme.live/shop/Xerneas/,£30.00
Yveltal,https://scrapeme.live/shop/Yveltal/,£59.00
Zygarde,https://scrapeme.live/shop/Zygarde/,£83.00
Diancie,https://scrapeme.live/shop/Diancie/,£27.00
Hoopa,https://scrapeme.live/shop/Hoopa/,£189.00
Volcanion,https://scrapeme.live/shop/Volcanion/,£45.00
Dartrix,https://scrapeme.live/shop/Dartrix/,£169.00
Decidueye,https://scrapeme.live/shop/Decidueye/,£106.00
Litten,https://scrapeme.live/shop/Litten/,£132.00
Torracat,https://scrapeme.live/shop/Torracat/,£184.00
Incineroar,https://scrapeme.live/shop/Incineroar/,£36.00
Popplio,https://scrapeme.live/shop/Popplio/,£158.00
Brionne,https://scrapeme.live/shop/Brionne/,£172.00
Primarina,https://scrapeme.live/shop/Primarina/,£143.00
Pikipek,https://scrapeme.live/shop/Pikipek/,£51.00
Trumbeak,https://scrapeme.live/shop/Trumbeak/,£59.00
Toucannon,https://scrapeme.live/shop/Toucannon/,£77.00
Yungoos,https://scrapeme.live/shop/Yungoos/,£159.00
Gumshoos,https://scrapeme.live/shop/Gumshoos/,£123.00
Grubbin,https://scrapeme.live/shop/Grubbin/,£77.00
Charjabug,https://scrapeme.live/shop/Charjabug/,£76.00
Vikavolt,https://scrapeme.live/shop/Vikavolt/,£88.00
Crabrawler,https://scrapeme.live/shop/Crabrawler/,£181.00
Crabominable,https://scrapeme.live/shop/Crabominable/,£65.00
Cutiefly,https://scrapeme.live/shop/Cutiefly/,£118.00
Ribombee,https://scrapeme.live/shop/Ribombee/,£100.00
Rockruff,https://scrapeme.live/shop/Rockruff/,£149.00
Mareanie,https://scrapeme.live/shop/Mareanie/,£47.00
Toxapex,https://scrapeme.live/shop/Toxapex/,£91.00
Mudbray,https://scrapeme.live/shop/Mudbray/,£96.00
Mudsdale,https://scrapeme.live/shop/Mudsdale/,£111.00
Dewpider,https://scrapeme.live/shop/Dewpider/,£84.00
Araquanid,https://scrapeme.live/shop/Araquanid/,£48.00
Fomantis,https://scrapeme.live/shop/Fomantis/,£104.00
Lurantis,https://scrapeme.live/shop/Lurantis/,£159.00
Morelull,https://scrapeme.live/shop/Morelull/,£87.00
Shiinotic,https://scrapeme.live/shop/Shiinotic/,£75.00
Salandit,https://scrapeme.live/shop/Salandit/,£158.00
Salazzle,https://scrapeme.live/shop/Salazzle/,£166.00
Stufful,https://scrapeme.live/shop/Stufful/,£70.00
Bewear,https://scrapeme.live/shop/Bewear/,£117.00
Bounsweet,https://scrapeme.live/shop/Bounsweet/,£193.00
Steenee,https://scrapeme.live/shop/Steenee/,£27.00
Tsareena,https://scrapeme.live/shop/Tsareena/,£186.00
Comfey,https://scrapeme.live/shop/Comfey/,£28.00
Oranguru,https://scrapeme.live/shop/Oranguru/,£139.00
Passimian,https://scrapeme.live/shop/Passimian/,£182.00
Wimpod,https://scrapeme.live/shop/Wimpod/,£137.00
Golisopod,https://scrapeme.live/shop/Golisopod/,£32.00
Sandygast,https://scrapeme.live/shop/Sandygast/,£131.00
Palossand,https://scrapeme.live/shop/Palossand/,£187.00
Pyukumuku,https://scrapeme.live/shop/Pyukumuku/,£97.00
Silvally,https://scrapeme.live/shop/Silvally/,£133.00
Komala,https://scrapeme.live/shop/Komala/,£65.00
Turtonator,https://scrapeme.live/shop/Turtonator/,£117.00
Togedemaru,https://scrapeme.live/shop/Togedemaru/,£45.00
Drampa,https://scrapeme.live/shop/Drampa/,£133.00
Jangmo-o,https://scrapeme.live/shop/Jangmo-o/,£107.00
Hakamo-o,https://scrapeme.live/shop/Hakamo-o/,£57.00
Kommo-o,https://scrapeme.live/shop/Kommo-o/,£170.00
Tapu-koko,https://scrapeme.live/shop/Tapu-koko/,£159.00
Tapu-lele,https://scrapeme.live/shop/Tapu-lele/,£62.00
Tapu-bulu,https://scrapeme.live/shop/Tapu-bulu/,£165.00
Tapu-fini,https://scrapeme.live/shop/Tapu-fini/,£123.00
Solgaleo,https://scrapeme.live/shop/Solgaleo/,£125.00
Lunala,https://scrapeme.live/shop/Lunala/,£58.00
Nihilego,https://scrapeme.live/shop/Nihilego/,£67.00
Buzzwole,https://scrapeme.live/shop/Buzzwole/,£172.00
Pheromosa,https://scrapeme.live/shop/Pheromosa/,£62.00
Xurkitree,https://scrapeme.live/shop/Xurkitree/,£174.00
Celesteela,https://scrapeme.live/shop/Celesteela/,£151.00
Kartana,https://scrapeme.live/shop/Kartana/,£197.00
Guzzlord,https://scrapeme.live/shop/Guzzlord/,£73.00
Necrozma,https://scrapeme.live/shop/Necrozma/,£68.00
Marshadow,https://scrapeme.live/shop/Marshadow/,£107.00
Poipole,https://scrapeme.live/shop/Poipole/,£130.00
